Name,Match Name,Chromosome,Start Location,End Location,Start RSID,End RSID,Centimorgans,SNPs
Juha Vuorela,Esko Silmärinen,2,70223101,85427109,rs12713685,rs6722568,15.9,7808
Juha Vuorela,Esko Silmärinen,5,166882756,180715140,rs4869044,rs145679896,30.2,9087
Juha Vuorela,Esko Silmärinen,6,80606507,91474545,rs10943676,rs2141484,8.2,4992
Juha Vuorela,Esko Silmärinen,7,21165733,36623757,rs17143899,rs62447209,21.4,9856
Juha Vuorela,Esko Silmärinen,8,138914072,143549246,rs17695537,rs73714303,10,3072
Juha Vuorela,Esko Silmärinen,10,28925701,54926085,rs332114,rs1903941,26.6,10496
Juha Vuorela,Esko Silmärinen,11,37207559,44978066,rs117134814,rs7102960,7.2,3968
Juha Vuorela,Esko Silmärinen,11,78692179,87879627,rs647746,rs302665,9.3,5248
Juha Vuorela,Esko Silmärinen,11,122609078,128196675,rs7126066,rs11221249,9.8,3712
Juha Vuorela,Esko Silmärinen,13,19979142,40912096,rs111747456,rs7987861,39.2,13568
Juha Vuorela,Esko Silmärinen,14,90523825,95903060,rs9972133,rs78849563,10.6,3712
Juha Vuorela,Esko Silmärinen,15,89036809,96043770,rs893823,rs1895650,18.7,5248
Juha Vuorela,Esko Silmärinen,16,25484812,52700237,rs4787734,rs118155214,15.7,6144
Juha Vuorela,Esko Silmärinen,17,1927630,4765424,rs4404109,rs72835028,6.3,1792
Juha Vuorela,Esko Silmärinen,17,76473135,77846948,rs692412,rs149243653,6.8,1152
Juha Vuorela,Esko Silmärinen,19,53152476,59097933,rs117463158,rs117625253,18.2,4607
Juha Vuorela,Pauli Haapalainen,5,83983783,123815748,rs12523086,rs13188115,30.9,17792
Juha Vuorela,Pauli Haapalainen,7,70634500,85203213,rs4717583,rs17160047,16.5,6528
Juha Vuorela,Pauli Haapalainen,8,128129042,139253914,rs16901983,rs72723657,16.8,7040
Juha Vuorela,Pauli Haapalainen,12,42445094,50319003,rs74407026,rs2276188,6.4,3712
Juha Vuorela,Pauli Haapalainen,13,22977789,27252835,rs9510177,rs3794414,9,3072
Juha Vuorela,Pauli Haapalainen,15,36314605,40118161,rs34767388,rs11854225,6.8,2304
Juha Vuorela,Pauli Haapalainen,15,62804488,89245239,rs448458,rs4932194,28.1,13440
Juha Vuorela,Pauli Haapalainen,16,62967153,74131537,rs1424032,rs9927464,9.6,5120
Juha Vuorela,Pauli Haapalainen,17,73452529,76472768,rs9892171,rs7405830,7.3,2176
Juha Vuorela,Jussi Aleksi Haapalainen,2,14958858,20798023,rs2705839,rs74989670,8.8,3584
Juha Vuorela,Jussi Aleksi Haapalainen,5,83277952,123815748,rs114553784,rs13188115,31.8,18048
Juha Vuorela,Jussi Aleksi Haapalainen,5,177011863,180696889,rs430797,rs6894609,8.4,2331
Juha Vuorela,Jussi Aleksi Haapalainen,7,70634500,84914691,rs4717583,rs6944323,16.3,6400
Juha Vuorela,Jussi Aleksi Haapalainen,12,94942675,115579131,rs7973666,rs7970987,24.9,11520
Juha Vuorela,Jussi Aleksi Haapalainen,13,51565820,66219375,rs78389176,rs9592422,9.1,6400
Juha Vuorela,Jussi Aleksi Haapalainen,16,62967153,74937650,rs1424032,rs11149778,10.4,5504
Juha Vuorela,Jussi Aleksi Haapalainen,19,36013455,41985587,rs16970487,rs11672691,6.2,3072
Juha Vuorela,ESKO HUKKANEN,1,175528829,183856138,rs10798402,rs12564891,8.1,3968
Juha Vuorela,ESKO HUKKANEN,2,205365299,233966850,rs10932068,rs74461644,37.3,15360
Juha Vuorela,ESKO HUKKANEN,5,19448955,28369581,rs1707015,rs9632401,7.6,3584
Juha Vuorela,ESKO HUKKANEN,9,28186243,38210621,rs10812752,rs920707,9.1,4992
Juha Vuorela,ESKO HUKKANEN,10,98873351,106472120,rs144604145,rs12258337,6.3,3712
Juha Vuorela,ESKO HUKKANEN,14,41950017,52052214,rs7149994,rs1465115,7.3,4608
Juha Vuorela,ESKO HUKKANEN,18,11358,25670974,rs77459974,rs11564394,47.9,14080